{"0": {"train_size": [0.2], "train_results": [{"classify_metrics": {"0": {"precision": 0.9878048780487805, "recall": 0.9642857142857143, "f1-score": 0.9759036144578312, "support": 84}, "1": {"precision": 0.25, "recall": 0.5, "f1-score": 0.3333333333333333, "support": 2}, "accuracy": 0.9534883720930233, "macro avg": {"precision": 0.6189024390243902, "recall": 0.7321428571428572, "f1-score": 0.6546184738955823, "support": 86}, "weighted avg": {"precision": 0.9706466250709018, "recall": 0.9534883720930233, "f1-score": 0.9609601195479592, "support": 86}}, "5_k_rank_metrics": {"False": {"precision": 0.46153846153846156, "recall": 1.0, "f1-score": 0.631578947368421, "support": 6}, "True": {"precision": 1.0, "recall": 0.631578947368421, "f1-score": 0.7741935483870968, "support": 19}, "accuracy": 0.72, "macro avg": {"precision": 0.7307692307692308, "recall": 0.8157894736842105, "f1-score": 0.7028862478777589, "support": 25}, "weighted avg": {"precision": 0.8707692307692309, "recall": 0.72, "f1-score": 0.7399660441426146, "support": 25}}, "10_k_rank_metrics": {"False": {"precision": 0.46153846153846156, "recall": 1.0, "f1-score": 0.631578947368421, "support": 6}, "True": {"precision": 1.0, "recall": 0.65, "f1-score": 0.787878787878788, "support": 20}, "accuracy": 0.7307692307692307, "macro avg": {"precision": 0.7307692307692308, "recall": 0.825, "f1-score": 0.7097288676236044, "support": 26}, "weighted avg": {"precision": 0.8757396449704142, "recall": 0.7307692307692307, "f1-score": 0.7518095939148571, "support": 26}}, "25_k_rank_metrics": {"False": {"precision": 0.46153846153846156, "recall": 1.0, "f1-score": 0.631578947368421, "support": 6}, "True": {"precision": 1.0, "recall": 0.6666666666666666, "f1-score": 0.8, "support": 21}, "accuracy": 0.7407407407407407, "macro avg": {"precision": 0.7307692307692308, "recall": 0.8333333333333333, "f1-score": 0.7157894736842105, "support": 27}, "weighted avg": {"precision": 0.8803418803418803, "recall": 0.7407407407407407, "f1-score": 0.7625730994152048, "support": 27}}}], "test_results": [{"classify_metrics": {"0": {"precision": 0.9812108559498957, "recall": 1.0, "f1-score": 0.9905163329820864, "support": 470}, "1": {"precision": 0.0, "recall": 0.0, "f1-score": 0.0, "support": 9}, "accuracy": 0.9812108559498957, "macro avg": {"precision": 0.4906054279749478, "recall": 0.5, "f1-score": 0.4952581664910432, "support": 479}, "weighted avg": {"precision": 0.9627747438339268, "recall": 0.9812108559498957, "f1-score": 0.9719053789177048, "support": 479}}, "5_k_rank_metrics": {"False": {"precision": 0.5526315789473685, "recall": 1.0, "f1-score": 0.711864406779661, "support": 21}, "True": {"precision": 1.0, "recall": 0.7068965517241379, "f1-score": 0.8282828282828283, "support": 58}, "accuracy": 0.7848101265822784, "macro avg": {"precision": 0.7763157894736843, "recall": 0.853448275862069, "f1-score": 0.7700736175312446, "support": 79}, "weighted avg": {"precision": 0.8810792804796802, "recall": 0.7848101265822784, "f1-score": 0.7973361592756573, "support": 79}}, "10_k_rank_metrics": {"False": {"precision": 0.5384615384615384, "recall": 1.0, "f1-score": 0.7000000000000001, "support": 21}, "True": {"precision": 1.0, "recall": 0.6949152542372882, "f1-score": 0.8200000000000001, "support": 59}, "accuracy": 0.775, "macro avg": {"precision": 0.7692307692307692, "recall": 0.847457627118644, "f1-score": 0.76, "support": 80}, "weighted avg": {"precision": 0.8788461538461538, "recall": 0.775, "f1-score": 0.7885000000000001, "support": 80}}, "25_k_rank_metrics": {"False": {"precision": 0.5384615384615384, "recall": 1.0, "f1-score": 0.7000000000000001, "support": 21}, "True": {"precision": 1.0, "recall": 0.7, "f1-score": 0.8235294117647058, "support": 60}, "accuracy": 0.7777777777777778, "macro avg": {"precision": 0.7692307692307692, "recall": 0.85, "f1-score": 0.7617647058823529, "support": 81}, "weighted avg": {"precision": 0.8803418803418803, "recall": 0.7777777777777778, "f1-score": 0.7915032679738562, "support": 81}}}]}}