{"priors": [0.5460700570475618, 0.45392994295243816], "num_train_epochs": 100}