{"priors": [0.5347297175433755, 0.4652702824566245], "num_train_epochs": 100}