{"priors": [0.557483938577124, 0.44251606142287603], "num_train_epochs": 100}