{"priors": [0.5307842413618747, 0.46921575863812526], "num_train_epochs": 100}