{"priors": [0.5641412833549719, 0.43585871664502807], "num_train_epochs": 100}